,Profit Factor,Sharpe Ratio,Annualized Backtest Return,Profit per Trade
Base,-0.1627669332675652,0.19539391215028779,0.034705657416018144,-0.03262103143974338
